Data Source in SDW: http://sdw.ecb.europa.eu/quickview.do;jsessionid=4F0F1104457CB4F6E82EADDD345E4FB7?SERIES_KEY=165.YC.B.U2.EUR.4F.G_N_A.SV_C_YM.SR_10Y&start=01-01-2010&end=&submitOptions.x=0&submitOptions.y=0&trans=N
,YC.B.U2.EUR.4F.G_N_A.SV_C_YM.SR_10Y
,"Euro area (changing composition) - Government bond, nominal, all issuers whose rating is triple A - Svensson model - continuous compounding - yield error minimisation - Yield curve spot rate, 10-year maturity - Euro, provided by ECB"
Collection:,End of period (E)
Period\Unit:,[Percent per annum ]
2020-04-23,-0.335829
2020-04-22,-0.333314
2020-04-21,-0.370244
2020-04-20,-0.346847
2020-04-17,-0.370795
2020-04-16,-0.373759
2020-04-15,-0.375869
2020-04-14,-0.298859
2020-04-09,-0.252284
2020-04-08,-0.219077
2020-04-07,-0.248772
2020-04-06,-0.332669
2020-04-03,-0.367817
2020-04-02,-0.361805
2020-04-01,-0.379292
2020-03-31,-0.414222
2020-03-30,-0.450548
2020-03-27,-0.395260
2020-03-26,-0.268645
2020-03-25,-0.238365
2020-03-24,-0.266358
2020-03-23,-0.291236
2020-03-20,-0.248221
2020-03-19,-0.106926
2020-03-18,-0.178064
2020-03-17,-0.357496
2020-03-16,-0.392859
2020-03-13,-0.496485
2020-03-12,-0.682388
2020-03-11,-0.702523
2020-03-10,-0.739890
2020-03-09,-0.815215
2020-03-06,-0.690759
2020-03-05,-0.620700
2020-03-04,-0.586190
2020-03-03,-0.556071
2020-03-02,-0.588076
2020-02-28,-0.571962
2020-02-27,-0.502952
2020-02-26,-0.449644
2020-02-25,-0.454527
2020-02-24,-0.439755
2020-02-21,-0.410892
2020-02-20,-0.392499
2020-02-19,-0.371233
2020-02-18,-0.362830
2020-02-17,-0.364267
2020-02-14,-0.370508
2020-02-13,-0.348096
2020-02-12,-0.342818
2020-02-11,-0.358566
2020-02-10,-0.360952
2020-02-07,-0.356692
2020-02-06,-0.312101
2020-02-05,-0.325190
2020-02-04,-0.355814
2020-02-03,-0.402814
2020-01-31,-0.398208
2020-01-30,-0.363518
2020-01-29,-0.344815
2020-01-28,-0.334660
2020-01-27,-0.347404
2020-01-24,-0.289071
2020-01-23,-0.274776
2020-01-22,-0.241326
2020-01-21,-0.202430
2020-01-20,-0.196108
2020-01-17,-0.187660
2020-01-16,-0.195281
2020-01-15,-0.184417
2020-01-14,-0.158152
2020-01-13,-0.140672
2020-01-10,-0.171635
2020-01-09,-0.170480
2020-01-08,-0.204580
2020-01-07,-0.232130
2020-01-06,-0.247426
2020-01-03,-0.222926
2020-01-02,-0.173995
2019-12-30,-0.141614
2019-12-27,-0.191106
2019-12-23,-0.183688
2019-12-20,-0.175414
2019-12-19,-0.158831
2019-12-18,-0.195464
2019-12-17,-0.226450
2019-12-16,-0.233664
2019-12-13,-0.209293
2019-12-12,-0.232764
2019-12-11,-0.250099
2019-12-10,-0.232013
2019-12-09,-0.249035
2019-12-06,-0.235251
2019-12-05,-0.228960
2019-12-04,-0.279996
2019-12-03,-0.273688
2019-12-02,-0.225677
2019-11-29,-0.297304
2019-11-28,-0.310383
2019-11-27,-0.312407
2019-11-26,-0.327279
2019-11-25,-0.306116
2019-11-22,-0.297392
2019-11-21,-0.272656
2019-11-20,-0.310912
2019-11-19,-0.284160
2019-11-18,-0.290027
2019-11-15,-0.287183
2019-11-14,-0.286818
2019-11-13,-0.251545
2019-11-12,-0.197931
2019-11-11,-0.212340
2019-11-08,-0.210371
2019-11-07,-0.220153
2019-11-06,-0.278735
2019-11-05,-0.271068
2019-11-04,-0.302145
2019-11-01,-0.344116
2019-10-31,-0.364559
2019-10-30,-0.310801
2019-10-29,-0.301160
2019-10-28,-0.280790
2019-10-25,-0.328278
2019-10-24,-0.354018
2019-10-23,-0.352855
2019-10-22,-0.326007
2019-10-21,-0.297793
2019-10-18,-0.332088
2019-10-17,-0.353318
2019-10-16,-0.340690
2019-10-15,-0.419996
2019-10-14,-0.410976
2019-10-11,-0.404815
2019-10-10,-0.435553
2019-10-09,-0.519665
2019-10-08,-0.546318
2019-10-07,-0.535857
2019-10-04,-0.539501
2019-10-03,-0.545025
2019-10-02,-0.489058
2019-10-01,-0.491146
2019-09-30,-0.521020
2019-09-27,-0.540628
2019-09-26,-0.533009
2019-09-25,-0.562556
2019-09-24,-0.541300
2019-09-23,-0.539055
2019-09-20,-0.473455
2019-09-19,-0.456476
2019-09-18,-0.455548
2019-09-17,-0.435541
2019-09-16,-0.430055
2019-09-13,-0.442853
2019-09-12,-0.526438
2019-09-11,-0.521715
2019-09-10,-0.525988
2019-09-09,-0.529792
2019-09-06,-0.587504
2019-09-05,-0.540137
2019-09-04,-0.609342
2019-09-03,-0.655882
2019-09-02,-0.645934
2019-08-30,-0.652681
2019-08-29,-0.656719
2019-08-28,-0.680313
2019-08-27,-0.642399
2019-08-26,-0.619748
2019-08-23,-0.606845
2019-08-22,-0.600993
2019-08-21,-0.632465
2019-08-20,-0.659161
2019-08-19,-0.603555
2019-08-16,-0.669439
2019-08-15,-0.656036
2019-08-14,-0.615497
2019-08-13,-0.566503
2019-08-12,-0.557057
2019-08-09,-0.538943
2019-08-08,-0.527344
2019-08-07,-0.578293
2019-08-06,-0.504452
2019-08-05,-0.490411
2019-08-02,-0.452264
2019-08-01,-0.418789
2019-07-31,-0.390459
2019-07-30,-0.372733
2019-07-29,-0.369978
2019-07-26,-0.343509
2019-07-25,-0.312848
2019-07-24,-0.355612
2019-07-23,-0.318823
2019-07-22,-0.308391
2019-07-19,-0.294212
2019-07-18,-0.273230
2019-07-17,-0.266318
2019-07-16,-0.230198
2019-07-15,-0.223993
2019-07-12,-0.180230
2019-07-11,-0.205096
2019-07-10,-0.232252
2019-07-09,-0.282898
2019-07-08,-0.318567
2019-07-05,-0.281177
2019-07-04,-0.338654
2019-07-03,-0.323303
2019-07-02,-0.295685
2019-07-01,-0.282251
2019-06-28,-0.258894
2019-06-27,-0.247654
2019-06-26,-0.255153
2019-06-25,-0.266897
2019-06-24,-0.236256
2019-06-21,-0.220986
2019-06-20,-0.258981
2019-06-19,-0.228319
2019-06-18,-0.254129
2019-06-17,-0.180184
2019-06-14,-0.192624
2019-06-13,-0.184136
2019-06-12,-0.175479
2019-06-11,-0.173244
2019-06-10,-0.161522
2019-06-07,-0.205851
2019-06-06,-0.166810
2019-06-05,-0.167142
2019-06-04,-0.146288
2019-06-03,-0.143948
2019-05-31,-0.131734
2019-05-30,-0.098635
2019-05-29,-0.110094
2019-05-28,-0.085087
2019-05-27,-0.072754
2019-05-24,-0.046132
2019-05-23,-0.050595
2019-05-22,-0.015695
2019-05-21,-0.011013
2019-05-20,-0.027946
2019-05-17,-0.044620
2019-05-16,-0.028031
2019-05-15,-0.053947
2019-05-14,-0.017224
2019-05-13,-0.001242
2019-05-10,0.021031
2019-05-09,-0.005370
2019-05-08,0.001989
2019-05-07,0.019347
2019-05-06,0.061786
2019-05-03,0.065161
2019-05-02,0.059340
2019-04-30,0.076188
2019-04-29,0.056191
2019-04-26,0.030487
2019-04-25,0.039123
2019-04-24,0.039084
2019-04-23,0.084599
2019-04-18,0.072574
2019-04-17,0.127496
2019-04-16,0.107238
2019-04-15,0.115048
2019-04-12,0.090171
2019-04-11,0.030842
2019-04-10,0.012711
2019-04-09,0.039487
2019-04-08,0.051849
2019-04-05,0.049974
2019-04-04,0.044202
2019-04-03,0.055835
2019-04-02,0.011345
2019-04-01,0.008159
2019-03-29,-0.013429
2019-03-28,-0.023267
2019-03-27,-0.033656
2019-03-26,0.028091
2019-03-25,0.032600
2019-03-22,0.015575
2019-03-21,0.092686
2019-03-20,0.136818
2019-03-19,0.157105
2019-03-18,0.134080
2019-03-15,0.131042
2019-03-14,0.130004
2019-03-13,0.114725
2019-03-12,0.114725
2019-03-11,0.109082
2019-03-08,0.121971
2019-03-07,0.130980
2019-03-06,0.181114
2019-03-05,0.216518
2019-03-04,0.224723
2019-03-01,0.254949
2019-02-28,0.228133
2019-02-27,0.196749
2019-02-26,0.160104
2019-02-25,0.158318
2019-02-22,0.147910
2019-02-21,0.183939
2019-02-20,0.145499
2019-02-19,0.154112
2019-02-18,0.156501
2019-02-15,0.149304
2019-02-14,0.134636
2019-02-13,0.177969
2019-02-12,0.177672
2019-02-11,0.149467
2019-02-08,0.120907
2019-02-07,0.147331
2019-02-06,0.195084
2019-02-05,0.215628
2019-02-04,0.205785
2019-02-01,0.187606
2019-01-31,0.187607
2019-01-30,0.215259
2019-01-29,0.226802
2019-01-28,0.228987
2019-01-25,0.224522
2019-01-24,0.215953
2019-01-23,0.265246
2019-01-22,0.268080
2019-01-21,0.288168
2019-01-18,0.281107
2019-01-17,0.267209
2019-01-16,0.258042
2019-01-15,0.238859
2019-01-14,0.242607
2019-01-11,0.248701
2019-01-10,0.267474
2019-01-09,0.301113
2019-01-08,0.310582
2019-01-07,0.288875
2019-01-04,0.274661
2019-01-03,0.246228
2019-01-02,0.227773
2018-12-28,0.316223
2018-12-27,0.303968
2018-12-21,0.301981
2018-12-20,0.285043
2018-12-19,0.304867
2018-12-18,0.310050
2018-12-17,0.321513
2018-12-14,0.319578
2018-12-13,0.315010
2018-12-12,0.319403
2018-12-11,0.301006
2018-12-10,0.309115
2018-12-07,0.329250
2018-12-06,0.294693
2018-12-05,0.331146
2018-12-04,0.344788
2018-12-03,0.372579
2018-11-30,0.369032
2018-11-29,0.388294
2018-11-28,0.417794
2018-11-27,0.409579
2018-11-26,0.428407
2018-11-23,0.403429
2018-11-22,0.438467
2018-11-21,0.430075
2018-11-20,0.414057
2018-11-19,0.446694
2018-11-16,0.431219
2018-11-15,0.423584
2018-11-14,0.472402
2018-11-13,0.456197
2018-11-12,0.446773
2018-11-09,0.473475
2018-11-08,0.507662
2018-11-07,0.498155
2018-11-06,0.482266
2018-11-05,0.481359
2018-11-02,0.484693
2018-11-01,0.457466
2018-10-31,0.434257
2018-10-30,0.425327
2018-10-29,0.447828
2018-10-26,0.411343
2018-10-25,0.450225
2018-10-24,0.452822
2018-10-23,0.464753
2018-10-22,0.491282
2018-10-19,0.484777
2018-10-18,0.510780
2018-10-17,0.515331
2018-10-16,0.535380
2018-10-15,0.549031
2018-10-12,0.556840
2018-10-11,0.579435
2018-10-10,0.602277
2018-10-09,0.590655
2018-10-08,0.584799
2018-10-05,0.595808
2018-10-04,0.563143
2018-10-03,0.498537
2018-10-02,0.478078
2018-10-01,0.539267
2018-09-28,0.509128
2018-09-27,0.548630
2018-09-26,0.563233
2018-09-25,0.565446
2018-09-24,0.540390
2018-09-21,0.493228
2018-09-20,0.520274
2018-09-19,0.519392
2018-09-18,0.503912
2018-09-17,0.490856
2018-09-14,0.482929
2018-09-13,0.461593
2018-09-12,0.432200
2018-09-11,0.465166
2018-09-10,0.436548
2018-09-07,0.419957
2018-09-06,0.404488
2018-09-05,0.427953
2018-09-04,0.378736
2018-09-03,0.366308
2018-08-31,0.371909
2018-08-30,0.392273
2018-08-29,0.442649
2018-08-28,0.416767
2018-08-27,0.405901
2018-08-24,0.386736
2018-08-23,0.370156
2018-08-22,0.358034
2018-08-21,0.355129
2018-08-20,0.324351
2018-08-17,0.324373
2018-08-16,0.334541
2018-08-15,0.334728
2018-08-14,0.348191
2018-08-13,0.352140
2018-08-10,0.350882
2018-08-09,0.400256
2018-08-08,0.427338
2018-08-07,0.432328
2018-08-06,0.411768
2018-08-03,0.432691
2018-08-02,0.486887
2018-08-01,0.499614
2018-07-31,0.455340
2018-07-30,0.466801
2018-07-27,0.418530
2018-07-26,0.408693
2018-07-25,0.410133
2018-07-24,0.422936
2018-07-23,0.412976
2018-07-20,0.373768
2018-07-19,0.349904
2018-07-18,0.353032
2018-07-17,0.364348
2018-07-16,0.380319
2018-07-13,0.351296
2018-07-12,0.368500
2018-07-11,0.382103
2018-07-10,0.390726
2018-07-09,0.389374
2018-07-06,0.362142
2018-07-05,0.372925
2018-07-04,0.366454
2018-07-03,0.367780
2018-07-02,0.372806
2018-06-29,0.379056
2018-06-28,0.384136
2018-06-27,0.403643
2018-06-26,0.419619
2018-06-25,0.410356
2018-06-22,0.418218
2018-06-21,0.421250
2018-06-20,0.454339
2018-06-19,0.437481
2018-06-18,0.473904
2018-06-15,0.476254
2018-06-14,0.523486
2018-06-13,0.545187
2018-06-12,0.579570
2018-06-11,0.578347
2018-06-08,0.527201
2018-06-07,0.570430
2018-06-06,0.530916
2018-06-05,0.457404
2018-06-04,0.478934
2018-06-01,0.460792
2018-05-31,0.402467
2018-05-30,0.400422
2018-05-29,0.408926
2018-05-28,0.431265
2018-05-25,0.472715
2018-05-24,0.541149
2018-05-23,0.583833
2018-05-22,0.620133
2018-05-21,0.622119
2018-05-18,0.678812
2018-05-17,0.683835
2018-05-16,0.669383
2018-05-15,0.699666
2018-05-14,0.670558
2018-05-11,0.622381
2018-05-10,0.602243
2018-05-09,0.628827
2018-05-08,0.611346
2018-05-07,0.585991
2018-05-04,0.602189
2018-05-03,0.606465
2018-05-02,0.632955
2018-04-30,0.628679
2018-04-27,0.622784
2018-04-26,0.670969
2018-04-25,0.690065
2018-04-24,0.694978
2018-04-23,0.676887
2018-04-20,0.657763
2018-04-19,0.635971
2018-04-18,0.570995
2018-04-17,0.569132
2018-04-16,0.575937
2018-04-13,0.576641
2018-04-12,0.566418
2018-04-11,0.552260
2018-04-10,0.564737
2018-04-09,0.561172
2018-04-06,0.559924
2018-04-05,0.570174
2018-04-04,0.547333
2018-04-03,0.552061
2018-03-29,0.548439
2018-03-28,0.550797
2018-03-27,0.562103
2018-03-26,0.583654
2018-03-23,0.587486
2018-03-22,0.576025
2018-03-21,0.648396
2018-03-20,0.639114
2018-03-19,0.634644
2018-03-16,0.635039
2018-03-15,0.626721
2018-03-14,0.664289
2018-03-13,0.684713
2018-03-12,0.680959
2018-03-09,0.701804
2018-03-08,0.699953
2018-03-07,0.712685
2018-03-06,0.726653
2018-03-05,0.681125
2018-03-02,0.674833
2018-03-01,0.685940
2018-02-28,0.709144
2018-02-27,0.720851
2018-02-26,0.702036
2018-02-23,0.715356
2018-02-22,0.764330
2018-02-21,0.771691
2018-02-20,0.782435
2018-02-19,0.798327
2018-02-16,0.767967
2018-02-15,0.817711
2018-02-14,0.811059
2018-02-13,0.790353
2018-02-12,0.797957
2018-02-09,0.792738
2018-02-08,0.835412
2018-02-07,0.757513
2018-02-06,0.747246
2018-02-05,0.768196
2018-02-02,0.789113
2018-02-01,0.747780
2018-01-31,0.709876
2018-01-30,0.733062
2018-01-29,0.724711
2018-01-26,0.662264
2018-01-25,0.667717
2018-01-24,0.629474
2018-01-23,0.596955
2018-01-22,0.618495
2018-01-19,0.615235
2018-01-18,0.612054
2018-01-17,0.585791
2018-01-16,0.585651
2018-01-15,0.610234
2018-01-12,0.619102
2018-01-11,0.620156
2018-01-10,0.567946
2018-01-09,0.529019
2018-01-08,0.506896
2018-01-05,0.523487
2018-01-04,0.532726
2018-01-03,0.521837
2018-01-02,0.537615
2017-12-29,0.522043
2017-12-28,0.499750
2017-12-27,0.472845
2017-12-22,0.493208
2017-12-21,0.504804
2017-12-20,0.487323
2017-12-19,0.435077
2017-12-18,0.374565
2017-12-15,0.373475
2017-12-14,0.403504
2017-12-13,0.387570
2017-12-12,0.380711
2017-12-11,0.363520
2017-12-08,0.371493
2017-12-07,0.363538
2017-12-06,0.356170
2017-12-05,0.392118
2017-12-04,0.397994
2017-12-01,0.400968
2017-11-30,0.437042
2017-11-29,0.458418
2017-11-28,0.413427
2017-11-27,0.421492
2017-11-24,0.427751
2017-11-23,0.415434
2017-11-22,0.425845
2017-11-21,0.416515
2017-11-20,0.428315
2017-11-17,0.439068
2017-11-16,0.440928
2017-11-15,0.423620
2017-11-14,0.478869
2017-11-13,0.475092
2017-11-10,0.459161
2017-11-09,0.436469
2017-11-08,0.379609
2017-11-07,0.405511
2017-11-06,0.400209
2017-11-03,0.419418
2017-11-02,0.445427
2017-11-01,0.436547
2017-10-31,0.438550
2017-10-30,0.437866
2017-10-27,0.474006
2017-10-26,0.502356
2017-10-25,0.542535
2017-10-24,0.524531
2017-10-23,0.482286
2017-10-20,0.505376
2017-10-19,0.443334
2017-10-18,0.441162
2017-10-17,0.420169
2017-10-16,0.436246
2017-10-13,0.461155
2017-10-12,0.500009
2017-10-11,0.508327
2017-10-10,0.501538
2017-10-09,0.495594
2017-10-06,0.550377
2017-10-05,0.496242
2017-10-04,0.488717
2017-10-03,0.515484
2017-10-02,0.493246
2017-09-29,0.516253
2017-09-28,0.529963
2017-09-27,0.517925
2017-09-26,0.460154
2017-09-25,0.464400
2017-09-22,0.492107
2017-09-21,0.493025
2017-09-20,0.475383
2017-09-19,0.486137
2017-09-18,0.502892
2017-09-15,0.476890
2017-09-14,0.455768
2017-09-13,0.448144
2017-09-12,0.417879
2017-09-11,0.374887
2017-09-08,0.364147
2017-09-07,0.359704
2017-09-06,0.378955
2017-09-05,0.392738
2017-09-04,0.406978
2017-09-01,0.419553
2017-08-31,0.384654
2017-08-30,0.400036
2017-08-29,0.369720
2017-08-28,0.405743
2017-08-25,0.423885
2017-08-24,0.401918
2017-08-23,0.418339
2017-08-22,0.440948
2017-08-21,0.430972
2017-08-18,0.427469
2017-08-17,0.473119
2017-08-16,0.481420
2017-08-15,0.473368
2017-08-14,0.445465
2017-08-11,0.416112
2017-08-10,0.444193
2017-08-09,0.453818
2017-08-08,0.500081
2017-08-07,0.499327
2017-08-04,0.502579
2017-08-03,0.501364
2017-08-02,0.517289
2017-08-01,0.544943
2017-07-31,0.577101
2017-07-28,0.586223
2017-07-27,0.557976
2017-07-26,0.581378
2017-07-25,0.580128
2017-07-24,0.527043
2017-07-21,0.535187
2017-07-20,0.559412
2017-07-19,0.562771
2017-07-18,0.586686
2017-07-17,0.600842
2017-07-14,0.594838
2017-07-13,0.610335
2017-07-12,0.612041
2017-07-11,0.642235
2017-07-10,0.633116
2017-07-07,0.649733
2017-07-06,0.635038
2017-07-05,0.565135
2017-07-04,0.546399
2017-07-03,0.529051
2017-06-30,0.540920
2017-06-29,0.508294
2017-06-28,0.445867
2017-06-27,0.396673
2017-06-26,0.316562
2017-06-23,0.331197
2017-06-22,0.323214
2017-06-21,0.340383
2017-06-20,0.342727
2017-06-19,0.365865
2017-06-16,0.358069
2017-06-15,0.372701
2017-06-14,0.322745
2017-06-13,0.345027
2017-06-12,0.334246
2017-06-09,0.352251
2017-06-08,0.344331
2017-06-07,0.339493
2017-06-06,0.345820
2017-06-05,0.366700
2017-06-02,0.353101
2017-06-01,0.388510
2017-05-31,0.361687
2017-05-30,0.369263
2017-05-29,0.374773
2017-05-26,0.403180
2017-05-25,0.432990
2017-05-24,0.465640
2017-05-23,0.465193
2017-05-22,0.457936
2017-05-19,0.435844
2017-05-18,0.404864
2017-05-17,0.451125
2017-05-16,0.491834
2017-05-15,0.479816
2017-05-12,0.456323
2017-05-11,0.489226
2017-05-10,0.456886
2017-05-09,0.495223
2017-05-08,0.467617
2017-05-05,0.453712
2017-05-04,0.433481
2017-05-03,0.373764
2017-05-02,0.375301
2017-04-28,0.381992
2017-04-27,0.379178
2017-04-26,0.416949
2017-04-25,0.410302
2017-04-24,0.399682
2017-04-21,0.302579
2017-04-20,0.299550
2017-04-19,0.251062
2017-04-18,0.243672
2017-04-13,0.234562
2017-04-12,0.269397
2017-04-11,0.277539
2017-04-10,0.277838
2017-04-07,0.273969
2017-04-06,0.307751
2017-04-05,0.325282
2017-04-04,0.304547
2017-04-03,0.368814
2017-03-31,0.381402
2017-03-30,0.392187
2017-03-29,0.400139
2017-03-28,0.426598
2017-03-27,0.423181
2017-03-24,0.449546
2017-03-23,0.440358
2017-03-22,0.437988
2017-03-21,0.510062
2017-03-20,0.486089
2017-03-17,0.488707
2017-03-16,0.497902
2017-03-15,0.467313
2017-03-14,0.495951
2017-03-13,0.508858
2017-03-10,0.503834
2017-03-09,0.432263
2017-03-08,0.420772
2017-03-07,0.371655
2017-03-06,0.371804
2017-03-03,0.385432
2017-03-02,0.345341
2017-03-01,0.305110
2017-02-28,0.252148
2017-02-27,0.240257
2017-02-24,0.250505
2017-02-23,0.294129
2017-02-22,0.308911
2017-02-21,0.387445
2017-02-20,0.370873
2017-02-17,0.355951
2017-02-16,0.417139
2017-02-15,0.443807
2017-02-14,0.398458
2017-02-13,0.398666
2017-02-10,0.399113
2017-02-09,0.359820
2017-02-08,0.378548
2017-02-07,0.446526
2017-02-06,0.408080
2017-02-03,0.472977
2017-02-02,0.457321
2017-02-01,0.513337
2017-01-31,0.496979
2017-01-30,0.493383
2017-01-27,0.497228
2017-01-26,0.495228
2017-01-25,0.488779
2017-01-24,0.417758
2017-01-23,0.422468
2017-01-20,0.414296
2017-01-19,0.402441
2017-01-18,0.356768
2017-01-17,0.288612
2017-01-16,0.334929
2017-01-13,0.329043
2017-01-12,0.319190
2017-01-11,0.319198
2017-01-10,0.347367
2017-01-09,0.347276
2017-01-06,0.345411
2017-01-05,0.344468
2017-01-04,0.328245
2017-01-03,0.315610
2017-01-02,0.227263
2016-12-30,0.258126
2016-12-29,0.246972
2016-12-28,0.256049
2016-12-27,0.268794
2016-12-23,0.284799
2016-12-22,0.317597
2016-12-21,0.309620
2016-12-20,0.323412
2016-12-19,0.342636
2016-12-16,0.363110
2016-12-15,0.411561
2016-12-14,0.374185
2016-12-13,0.411278
2016-12-12,0.468199
2016-12-09,0.392885
2016-12-08,0.429606
2016-12-07,0.392176
2016-12-06,0.380005
2016-12-05,0.384298
2016-12-02,0.374597
2016-12-01,0.348299
2016-11-30,0.274346
2016-11-29,0.272263
2016-11-28,0.241508
2016-11-25,0.286332
2016-11-24,0.294404
2016-11-23,0.329146
2016-11-22,0.267406
2016-11-21,0.314188
2016-11-18,0.292232
2016-11-17,0.326136
2016-11-16,0.338762
2016-11-15,0.326454
2016-11-14,0.362109
2016-11-11,0.313460
2016-11-10,0.304154
2016-11-09,0.165340
2016-11-08,0.146330
2016-11-07,0.142677
2016-11-04,0.118903
2016-11-03,0.161632
2016-11-02,0.140761
2016-11-01,0.176821
2016-10-31,0.142942
2016-10-28,0.155924
2016-10-27,0.147855
2016-10-26,0.069673
2016-10-25,0.010490
2016-10-24,-0.007401
2016-10-21,-0.025054
2016-10-20,-0.006982
2016-10-19,-0.001886
2016-10-18,0.025837
2016-10-17,0.039202
2016-10-14,0.032679
2016-10-13,0.004728
2016-10-12,0.037701
2016-10-11,0.023489
2016-10-10,0.026097
2016-10-07,-0.025245
2016-10-06,-0.028150
2016-10-05,-0.059864
2016-10-04,-0.115330
2016-10-03,-0.138154
2016-09-30,-0.162052
2016-09-29,-0.141906
2016-09-28,-0.166124
2016-09-27,-0.163711
2016-09-26,-0.129321
2016-09-23,-0.102791
2016-09-22,-0.096530
2016-09-21,-0.025219
2016-09-20,-0.038920
2016-09-19,-0.002543
2016-09-16,-0.007230
2016-09-15,0.029610
2016-09-14,-0.001028
2016-09-13,-0.002031
2016-09-12,-0.002604
2016-09-09,-0.025405
2016-09-08,-0.125605
2016-09-07,-0.156121
2016-09-06,-0.105098
2016-09-05,-0.071920
2016-09-02,-0.072295
2016-09-01,-0.068116
2016-08-31,-0.117694
2016-08-30,-0.124288
2016-08-29,-0.103882
2016-08-26,-0.110260
2016-08-25,-0.097985
2016-08-24,-0.127157
2016-08-23,-0.137814
2016-08-22,-0.121885
2016-08-19,-0.108128
2016-08-18,-0.128683
2016-08-17,-0.094528
2016-08-16,-0.096889
2016-08-15,-0.113898
2016-08-12,-0.149384
2016-08-11,-0.146771
2016-08-10,-0.146100
2016-08-09,-0.113569
2016-08-08,-0.087980
2016-08-05,-0.113774
2016-08-04,-0.136261
2016-08-03,-0.093508
2016-08-02,-0.079924
2016-08-01,-0.154219
2016-07-29,-0.151797
2016-07-28,-0.121802
2016-07-27,-0.107934
2016-07-26,-0.084006
2016-07-25,-0.087806
2016-07-22,-0.052533
2016-07-21,-0.035896
2016-07-20,-0.059788
2016-07-19,-0.066591
2016-07-18,-0.075358
2016-07-15,-0.056795
2016-07-14,-0.065372
2016-07-13,-0.124496
2016-07-12,-0.094686
2016-07-11,-0.161821
2016-07-08,-0.160120
2016-07-07,-0.130928
2016-07-06,-0.154572
2016-07-05,-0.139593
2016-07-04,-0.107452
2016-07-01,-0.109504
2016-06-30,-0.104426
2016-06-29,-0.093658
2016-06-28,-0.063833
2016-06-27,-0.069989
2016-06-24,-0.024515
2016-06-23,0.111738
2016-06-22,0.090428
2016-06-21,0.074358
2016-06-20,0.084387
2016-06-17,0.048406
2016-06-16,0.019077
2016-06-15,0.030736
2016-06-14,0.036635
2016-06-13,0.057765
2016-06-10,0.046563
2016-06-09,0.059594
2016-06-08,0.097205
2016-06-07,0.106091
2016-06-06,0.131380
2016-06-03,0.123702
2016-06-02,0.175786
2016-06-01,0.175503
2016-05-31,0.222408
2016-05-30,0.223634
2016-05-27,0.170860
2016-05-26,0.198924
2016-05-25,0.203604
2016-05-24,0.222300
2016-05-23,0.228587
2016-05-20,0.228127
2016-05-19,0.208821
2016-05-18,0.234419
2016-05-17,0.186795
2016-05-16,0.200719
2016-05-13,0.190387
2016-05-12,0.196965
2016-05-11,0.169889
2016-05-10,0.172027
2016-05-09,0.197204
2016-05-06,0.220684
2016-05-05,0.241569
2016-05-04,0.277075
2016-05-03,0.253946
2016-05-02,0.328669
2016-04-29,0.343195
2016-04-28,0.318318
2016-04-27,0.356780
2016-04-26,0.345320
2016-04-25,0.327169
2016-04-22,0.288494
2016-04-21,0.260510
2016-04-20,0.201025
2016-04-19,0.228404
2016-04-18,0.201526
2016-04-15,0.185694
2016-04-14,0.205326
2016-04-13,0.203506
2016-04-12,0.200908
2016-04-11,0.233862
2016-04-08,0.195364
2016-04-07,0.185750
2016-04-06,0.209669
2016-04-05,0.182375
2016-04-04,0.226647
2016-04-01,0.225442
2016-03-31,0.262592
2016-03-30,0.266185
2016-03-29,0.248642
2016-03-24,0.286489
2016-03-23,0.331572
2016-03-22,0.319251
2016-03-21,0.321816
2016-03-18,0.302116
2016-03-17,0.332522
2016-03-16,0.376501
2016-03-15,0.405931
2016-03-14,0.356741
2016-03-11,0.369672
2016-03-10,0.321002
2016-03-09,0.344390
2016-03-08,0.289074
2016-03-07,0.328901
2016-03-04,0.326647
2016-03-03,0.310642
2016-03-02,0.308599
2016-03-01,0.252332
2016-02-29,0.218828
2016-02-26,0.257149
2016-02-25,0.258033
2016-02-24,0.242126
2016-02-23,0.324820
2016-02-22,0.293124
2016-02-19,0.298880
2016-02-18,0.332321
2016-02-17,0.377116
2016-02-16,0.385287
2016-02-15,0.361146
2016-02-12,0.335971
2016-02-11,0.310798
2016-02-10,0.358189
2016-02-09,0.359516
2016-02-08,0.346312
2016-02-05,0.409796
2016-02-04,0.401242
2016-02-03,0.405749
2016-02-02,0.405195
2016-02-01,0.429523
2016-01-29,0.439390
2016-01-28,0.498150
2016-01-27,0.551050
2016-01-26,0.544196
2016-01-25,0.570691
2016-01-22,0.591490
2016-01-21,0.536011
2016-01-20,0.586292
2016-01-19,0.645140
2016-01-18,0.632434
2016-01-15,0.629034
2016-01-14,0.645982
2016-01-13,0.676466
2016-01-12,0.726434
2016-01-11,0.703122
2016-01-08,0.676140
2016-01-07,0.701225
2016-01-06,0.663953
2016-01-05,0.696444
2016-01-04,0.702713
2015-12-30,0.768970
2015-12-29,0.768795
2015-12-28,0.736978
2015-12-23,0.753329
2015-12-22,0.705722
2015-12-21,0.668759
2015-12-18,0.673223
2015-12-17,0.731707
2015-12-16,0.778075
2015-12-15,0.766645
2015-12-14,0.687348
2015-12-11,0.645013
2015-12-10,0.692186
2015-12-09,0.696485
2015-12-08,0.686799
2015-12-07,0.713062
2015-12-04,0.788763
2015-12-03,0.709515
2015-12-02,0.584745
2015-12-01,0.585018
2015-11-30,0.580391
2015-11-27,0.555557
2015-11-26,0.583079
2015-11-25,0.572968
2015-11-24,0.614693
2015-11-23,0.629216
2015-11-20,0.576551
2015-11-19,0.595053
2015-11-18,0.635971
2015-11-17,0.649764
2015-11-16,0.648388
2015-11-13,0.666982
2015-11-12,0.725572
2015-11-11,0.736979
2015-11-10,0.755828
2015-11-09,0.800010
2015-11-06,0.782245
2015-11-05,0.708684
2015-11-04,0.675918
2015-11-03,0.673219
2015-11-02,0.672168
2015-10-30,0.629988
2015-10-29,0.607062
2015-10-28,0.567804
2015-10-27,0.548717
2015-10-26,0.595750
2015-10-23,0.610697
2015-10-22,0.576973
2015-10-21,0.686198
2015-10-20,0.733099
2015-10-19,0.666650
2015-10-16,0.654291
2015-10-15,0.651932
2015-10-14,0.658745
2015-10-13,0.691637
2015-10-12,0.677340
2015-10-09,0.711070
2015-10-08,0.681444
2015-10-07,0.711642
2015-10-06,0.718640
2015-10-05,0.653672
2015-10-02,0.591074
2015-10-01,0.650413
2015-09-30,0.703349
2015-09-29,0.698459
2015-09-28,0.708891
2015-09-25,0.749857
2015-09-24,0.672085
2015-09-23,0.702160
2015-09-22,0.713160
2015-09-21,0.776373
2015-09-18,0.739905
2015-09-17,0.872245
2015-09-16,0.859217
2015-09-15,0.819150
2015-09-14,0.738626
2015-09-11,0.760263
2015-09-10,0.784042
2015-09-09,0.812987
2015-09-08,0.774652
2015-09-07,0.762572
2015-09-04,0.779230
2015-09-03,0.841704
2015-09-02,0.900774
2015-09-01,0.898658
2015-08-31,0.820057
2015-08-28,0.789268
2015-08-27,0.828685
2015-08-26,0.808759
2015-08-25,0.812543
2015-08-24,0.637287
2015-08-21,0.680354
2015-08-20,0.669270
2015-08-19,0.740655
2015-08-18,0.726380
2015-08-17,0.704745
2015-08-14,0.730097
2015-08-13,0.718213
2015-08-12,0.694132
2015-08-11,0.708550
2015-08-10,0.757635
2015-08-07,0.750347
2015-08-06,0.795606
2015-08-05,0.824900
2015-08-04,0.722386
2015-08-03,0.699712
2015-07-31,0.728639
2015-07-30,0.742441
2015-07-29,0.784903
2015-07-28,0.782165
2015-07-27,0.751779
2015-07-24,0.774318
2015-07-23,0.825769
2015-07-22,0.832393
2015-07-21,0.854151
2015-07-20,0.832493
2015-07-17,0.861389
2015-07-16,0.949221
2015-07-15,0.919754
2015-07-14,1.000934
2015-07-13,1.033385
2015-07-10,1.038098
2015-07-09,0.882676
2015-07-08,0.840105
2015-07-07,0.836204
2015-07-06,0.943953
2015-07-03,0.991797
2015-07-02,1.038621
2015-07-01,1.011664
2015-06-30,0.952841
2015-06-29,0.986158
2015-06-26,1.072826
2015-06-25,1.003144
2015-06-24,0.968250
2015-06-23,1.027030
2015-06-22,1.024730
2015-06-19,0.913872
2015-06-18,0.943301
2015-06-17,0.960945
2015-06-16,0.960975
2015-06-15,0.945138
2015-06-12,0.981910
2015-06-11,1.016462
2015-06-10,1.075466
2015-06-09,1.056273
2015-06-08,0.976711
2015-06-05,0.954035
2015-06-04,0.927183
2015-06-03,0.930550
2015-06-02,0.753046
2015-06-01,0.592291
2015-05-29,0.609009
2015-05-28,0.628073
2015-05-27,0.659333
2015-05-26,0.677674
2015-05-25,0.708476
2015-05-22,0.708951
2015-05-21,0.724828
2015-05-20,0.700453
2015-05-19,0.708658
2015-05-18,0.746218
2015-05-15,0.737627
2015-05-14,0.790024
2015-05-13,0.738179
2015-05-12,0.774014
2015-05-11,0.656877
2015-05-08,0.621843
2015-05-07,0.656926
2015-05-06,0.628512
2015-05-05,0.540274
2015-05-04,0.481695
2015-04-30,0.416846
2015-04-29,0.324889
2015-04-28,0.221897
2015-04-27,0.233759
2015-04-24,0.227453
2015-04-23,0.224890
2015-04-22,0.200108
2015-04-21,0.162676
2015-04-20,0.134185
2015-04-17,0.137662
2015-04-16,0.153234
2015-04-15,0.173189
2015-04-14,0.210035
2015-04-13,0.226723
2015-04-10,0.235907
2015-04-09,0.237590
2015-04-08,0.255525
2015-04-07,0.269269
2015-04-02,0.262803
2015-04-01,0.236727
2015-03-31,0.263930
2015-03-30,0.273161
2015-03-27,0.289565
2015-03-26,0.298326
2015-03-25,0.297855
2015-03-24,0.290332
2015-03-23,0.277438
2015-03-20,0.240699
2015-03-19,0.244472
2015-03-18,0.256372
2015-03-17,0.319061
2015-03-16,0.292570
2015-03-13,0.298004
2015-03-12,0.267535
2015-03-11,0.239706
2015-03-10,0.268223
2015-03-09,0.353057
2015-03-06,0.412651
2015-03-05,0.393721
2015-03-04,0.421917
2015-03-03,0.414454
2015-03-02,0.380265
2015-02-27,0.369133
2015-02-26,0.346397
2015-02-25,0.393757
2015-02-24,0.447935
2015-02-23,0.431326
2015-02-20,0.410882
2015-02-19,0.448995
2015-02-18,0.450530
2015-02-17,0.415549
2015-02-16,0.405519
2015-02-13,0.397890
2015-02-12,0.401667
2015-02-11,0.429262
2015-02-10,0.441895
2015-02-09,0.418105
2015-02-06,0.409176
2015-02-05,0.416132
2015-02-04,0.408738
2015-02-03,0.384821
2015-02-02,0.353177
2015-01-30,0.393620
2015-01-29,0.414661
2015-01-28,0.433166
2015-01-27,0.439318
2015-01-26,0.423434
2015-01-23,0.421745
2015-01-22,0.614790
2015-01-21,0.545735
2015-01-20,0.501299
2015-01-19,0.484039
2015-01-16,0.485742
2015-01-15,0.495677
2015-01-14,0.492938
2015-01-13,0.552197
2015-01-12,0.555439
2015-01-09,0.610213
2015-01-08,0.598710
2015-01-07,0.564407
2015-01-06,0.530988
2015-01-05,0.591801
2015-01-02,0.611411
2014-12-31,0.648632
2014-12-30,0.648034
2014-12-29,0.664449
2014-12-24,0.711262
2014-12-23,0.710672
2014-12-22,0.716775
2014-12-19,0.723225
2014-12-18,0.735518
2014-12-17,0.696604
2014-12-16,0.691779
2014-12-15,0.748912
2014-12-12,0.746134
2014-12-11,0.776209
2014-12-10,0.794119
2014-12-09,0.803054
2014-12-08,0.823360
2014-12-05,0.874000
2014-12-04,0.855612
2014-12-03,0.863881
2014-12-02,0.854252
2014-12-01,0.807899
2014-11-28,0.801524
2014-11-27,0.811182
2014-11-26,0.849599
2014-11-25,0.865865
2014-11-24,0.893583
2014-11-21,0.889307
2014-11-20,0.921499
2014-11-19,0.957255
2014-11-18,0.909137
2014-11-17,0.918050
2014-11-14,0.906897
2014-11-13,0.915913
2014-11-12,0.914722
2014-11-11,0.938903
2014-11-10,0.936415
2014-11-07,0.945455
2014-11-06,0.946460
2014-11-05,0.942950
2014-11-04,0.930847
2014-11-03,0.964809
2014-10-31,0.963836
2014-10-30,0.973261
2014-10-29,1.014564
2014-10-28,1.013628
2014-10-27,1.008071
2014-10-24,1.019497
2014-10-23,1.019735
2014-10-22,1.011028
2014-10-21,1.009129
2014-10-20,0.985971
2014-10-17,1.007873
2014-10-16,0.931408
2014-10-15,0.893228
2014-10-14,0.971664
2014-10-13,1.024174
2014-10-10,1.010721
2014-10-09,1.008132
2014-10-08,1.015899
2014-10-07,1.034226
2014-10-06,1.037633
2014-10-03,1.055803
2014-10-02,1.036362
2014-10-01,1.013325
2014-09-30,1.058850
2014-09-29,1.071657
2014-09-26,1.090568
2014-09-25,1.093149
2014-09-24,1.111688
2014-09-23,1.134184
2014-09-22,1.142730
2014-09-19,1.171465
2014-09-18,1.222310
2014-09-17,1.180733
2014-09-16,1.186040
2014-09-15,1.174311
2014-09-12,1.208048
2014-09-11,1.158129
2014-09-10,1.166626
2014-09-09,1.147779
2014-09-08,1.068597
2014-09-05,1.075635
2014-09-04,1.102027
2014-09-03,1.110803
2014-09-02,1.089338
2014-09-01,1.036369
2014-08-29,1.031518
2014-08-28,1.014556
2014-08-27,1.025425
2014-08-26,1.077615
2014-08-25,1.089897
2014-08-22,1.131903
2014-08-21,1.138582
2014-08-20,1.139583
2014-08-19,1.161486
2014-08-18,1.177676
2014-08-15,1.161030
2014-08-14,1.170820
2014-08-13,1.205990
2014-08-12,1.217149
2014-08-11,1.212842
2014-08-08,1.202852
2014-08-07,1.242624
2014-08-06,1.258555
2014-08-05,1.319757
2014-08-04,1.282944
2014-08-01,1.316108
2014-07-31,1.338315
2014-07-30,1.292014
2014-07-29,1.265897
2014-07-28,1.289876
2014-07-25,1.305731
2014-07-24,1.335354
2014-07-23,1.295323
2014-07-22,1.325015
2014-07-21,1.302780
2014-07-18,1.308139
2014-07-17,1.330168
2014-07-16,1.355806
2014-07-15,1.349230
2014-07-14,1.378074
2014-07-11,1.367411
2014-07-10,1.359656
2014-07-09,1.391879
2014-07-08,1.395233
2014-07-07,1.434442
2014-07-04,1.429919
2014-07-03,1.479677
2014-07-02,1.454487
2014-07-01,1.426295
2014-06-30,1.438463
2014-06-27,1.438230
2014-06-26,1.427263
2014-06-25,1.457136
2014-06-24,1.511543
2014-06-23,1.507952
2014-06-20,1.537123
2014-06-19,1.491351
2014-06-18,1.565027
2014-06-17,1.582300
2014-06-16,1.539644
2014-06-13,1.569258
2014-06-12,1.582566
2014-06-11,1.576567
2014-06-10,1.575589
2014-06-09,1.538822
2014-06-06,1.524617
2014-06-05,1.632538
2014-06-04,1.633651
2014-06-03,1.618615
2014-06-02,1.556670
2014-05-30,1.557918
2014-05-29,1.527902
2014-05-28,1.526818
2014-05-27,1.574419
2014-05-26,1.592031
2014-05-23,1.601933
2014-05-22,1.597501
2014-05-21,1.631968
2014-05-20,1.608859
2014-05-19,1.582526
2014-05-16,1.574348
2014-05-15,1.560763
2014-05-14,1.606624
2014-05-13,1.663928
2014-05-12,1.699018
2014-05-09,1.688634
2014-05-08,1.689707
2014-05-07,1.722112
2014-05-06,1.697565
2014-05-05,1.691080
2014-05-02,1.706466
2014-04-30,1.720765
2014-04-29,1.750401
2014-04-28,1.736961
2014-04-25,1.717607
2014-04-24,1.747838
2014-04-23,1.767658
2014-04-22,1.771167
2014-04-17,1.735097
2014-04-16,1.717719
2014-04-15,1.743195
2014-04-14,1.751617
2014-04-11,1.745372
2014-04-10,1.779630
2014-04-09,1.825100
2014-04-08,1.808495
2014-04-07,1.783750
2014-04-04,1.804669
2014-04-03,1.855391
2014-04-02,1.857253
2014-04-01,1.826511
2014-03-31,1.822119
2014-03-28,1.794942
2014-03-27,1.781714
2014-03-26,1.802256
2014-03-25,1.822855
2014-03-24,1.836897
2014-03-21,1.871537
2014-03-20,1.900638
2014-03-19,1.842277
2014-03-18,1.813609
2014-03-17,1.800762
2014-03-14,1.786108
2014-03-13,1.816361
2014-03-12,1.841944
2014-03-11,1.895464
2014-03-10,1.862491
2014-03-07,1.901123
2014-03-06,1.891786
2014-03-05,1.852390
2014-03-04,1.838041
2014-03-03,1.817981
2014-02-28,1.880142
2014-02-27,1.805591
2014-02-26,1.861486
2014-02-25,1.904460
2014-02-24,1.932414
2014-02-21,1.911848
2014-02-20,1.929926
2014-02-19,1.903124
2014-02-18,1.920357
2014-02-17,1.932890
2014-02-14,1.928132
2014-02-13,1.915027
2014-02-12,1.940886
2014-02-11,1.930820
2014-02-10,1.916332
2014-02-07,1.905600
2014-02-06,1.931766
2014-02-05,1.879515
2014-02-04,1.883789
2014-02-03,1.879779
2014-01-31,1.894604
2014-01-30,1.943330
2014-01-29,1.961751
2014-01-28,1.988873
2014-01-27,1.981943
2014-01-24,1.981667
2014-01-23,2.025131
2014-01-22,2.070952
2014-01-21,2.045723
2014-01-20,2.039989
2014-01-17,2.073714
2014-01-16,2.089288
2014-01-15,2.141215
2014-01-14,2.119306
2014-01-13,2.128555
2014-01-10,2.160339
2014-01-09,2.198130
2014-01-08,2.179112
2014-01-07,2.178978
2014-01-06,2.199954
2014-01-03,2.235404
2014-01-02,2.242075
2013-12-31,2.240880
2013-12-30,2.238369
2013-12-27,2.235528
2013-12-24,2.163011
2013-12-23,2.161962
2013-12-20,2.160389
2013-12-19,2.152465
2013-12-18,2.114221
2013-12-17,2.106509
2013-12-16,2.107390
2013-12-13,2.110884
2013-12-12,2.112674
2013-12-11,2.103039
2013-12-10,2.099613
2013-12-09,2.108412
2013-12-06,2.128213
2013-12-05,2.114459
2013-12-04,2.060605
2013-12-03,2.014172
2013-12-02,2.021489
2013-11-29,1.986584
2013-11-28,1.984244
2013-11-27,1.993419
2013-11-26,1.986783
2013-11-25,1.992063
2013-11-22,2.026576
2013-11-21,2.049402
2013-11-20,2.007396
2013-11-19,1.990255
2013-11-18,1.979258
2013-11-15,1.995023
2013-11-14,1.993667
2013-11-13,2.027817
2013-11-12,2.060363
2013-11-11,2.020459
2013-11-08,2.027700
2013-11-07,1.961857
2013-11-06,2.016150
2013-11-05,2.005796
2013-11-04,1.942938
2013-11-01,1.956850
2013-10-31,1.951829
2013-10-30,1.985577
2013-10-29,2.019303
2013-10-28,2.019822
2013-10-25,2.035767
2013-10-24,2.028362
2013-10-23,2.045697
2013-10-22,2.070429
2013-10-21,2.116398
2013-10-18,2.114630
2013-10-17,2.166065
2013-10-16,2.211400
2013-10-15,2.158786
2013-10-14,2.140927
2013-10-11,2.135646
2013-10-10,2.140920
2013-10-09,2.084218
2013-10-08,2.092564
2013-10-07,2.075121
2013-10-04,2.109536
2013-10-03,2.085933
2013-10-02,2.064056
2013-10-01,2.057781
2013-09-30,2.054939
2013-09-27,2.053248
2013-09-26,2.097886
2013-09-25,2.101875
2013-09-24,2.125180
2013-09-23,2.190090
2013-09-20,2.219703
2013-09-19,2.183883
2013-09-18,2.250093
2013-09-17,2.217296
2013-09-16,2.187547
2013-09-13,2.226618
2013-09-12,2.240911
2013-09-11,2.305142
2013-09-10,2.350572
2013-09-09,2.264476
2013-09-06,2.250544
2013-09-05,2.338728
2013-09-04,2.225763
2013-09-03,2.217620
2013-09-02,2.204514
2013-08-30,2.173576
2013-08-29,2.159343
2013-08-28,2.158289
2013-08-27,2.148711
2013-08-26,2.179667
2013-08-23,2.247823
2013-08-22,2.198780
2013-08-21,2.183529
2013-08-20,2.141117
2013-08-19,2.182755
2013-08-16,2.131269
2013-08-15,2.146103
2013-08-14,2.078026
2013-08-13,2.050766
2013-08-12,1.957748
2013-08-09,1.948736
2013-08-08,1.956455
2013-08-07,1.964113
2013-08-06,1.966876
2013-08-05,1.953312
2013-08-02,1.927810
2013-08-01,1.939327
2013-07-31,1.954950
2013-07-30,1.939241
2013-07-29,1.947329
2013-07-26,1.934326
2013-07-25,1.939367
2013-07-24,1.899139
2013-07-23,1.841811
2013-07-22,1.795067
2013-07-19,1.800881
2013-07-18,1.816398
2013-07-17,1.831635
2013-07-16,1.846315
2013-07-15,1.849240
2013-07-12,1.961219
2013-07-11,2.021894
2013-07-10,2.045899
2013-07-09,2.038408
2013-07-08,2.073012
2013-07-05,2.104258
2013-07-04,2.016618
2013-07-03,2.051910
2013-07-02,2.078969
2013-07-01,2.104018
2013-06-28,2.137255
2013-06-27,2.080871
2013-06-26,2.152379
2013-06-25,2.221579
2013-06-24,2.239534
2013-06-21,2.083792
2013-06-20,2.027820
2013-06-19,1.878353
2013-06-18,1.894065
2013-06-17,1.849000
2013-06-14,1.848656
2013-06-13,1.910480
2013-06-12,1.960547
2013-06-11,1.980350
2013-06-10,1.901305
2013-06-07,1.875219
2013-06-06,1.892252
2013-06-05,1.844161
2013-06-04,1.876349
2013-06-03,1.864477
2013-05-31,1.842756
2013-05-30,1.830405
2013-05-29,1.838245
2013-05-28,1.791955
2013-05-27,1.758166
2013-05-24,1.727861
2013-05-23,1.709799
2013-05-22,1.673614
2013-05-21,1.738464
2013-05-20,1.664960
2013-05-17,1.655920
2013-05-16,1.668486
2013-05-15,1.709356
2013-05-14,1.706611
2013-05-13,1.711854
2013-05-10,1.705251
2013-05-09,1.617558
2013-05-08,1.624059
2013-05-07,1.629473
2013-05-06,1.600352
2013-05-03,1.589657
2013-05-02,1.541745
2013-04-30,1.550318
2013-04-29,1.571189
2013-04-26,1.587219
2013-04-25,1.600156
2013-04-24,1.596947
2013-04-23,1.599395
2013-04-22,1.597577
2013-04-19,1.642714
2013-04-18,1.615288
2013-04-17,1.642402
2013-04-16,1.648103
2013-04-15,1.648441
2013-04-12,1.664056
2013-04-11,1.685926
2013-04-10,1.697821
2013-04-09,1.630294
2013-04-08,1.581329
2013-04-05,1.577776
2013-04-04,1.695641
2013-04-03,1.748307
2013-04-02,1.779443
2013-03-28,1.759226
2013-03-27,1.743487
2013-03-26,1.800575
2013-03-25,1.774323
2013-03-22,1.783562
2013-03-21,1.767636
2013-03-20,1.803429
2013-03-19,1.787515
2013-03-18,1.805630
2013-03-15,1.852348
2013-03-14,1.868900
2013-03-13,1.866980
2013-03-12,1.873012
2013-03-11,1.882907
2013-03-08,1.890997
2013-03-07,1.880909
2013-03-06,1.860953
2013-03-05,1.847687
2013-03-04,1.833209
2013-03-01,1.839016
2013-02-28,1.880492
2013-02-27,1.866287
2013-02-26,1.918728
2013-02-25,2.005285
2013-02-22,1.962339
2013-02-21,1.978471
2013-02-20,2.032461
2013-02-19,2.010240
2013-02-18,2.007630
2013-02-15,2.009613
2013-02-14,2.016153
2013-02-13,2.040446
2013-02-12,2.000952
2013-02-11,1.972391
2013-02-08,1.975132
2013-02-07,1.984445
2013-02-06,1.992288
2013-02-05,2.012044
2013-02-04,1.991540
2013-02-01,1.978888
2013-01-31,2.020655
2013-01-30,2.044011
2013-01-29,2.001328
2013-01-28,2.014669
2013-01-25,1.957262
2013-01-24,1.896121
2013-01-23,1.889997
2013-01-22,1.907244
2013-01-21,1.910709
2013-01-18,1.908090
2013-01-17,1.944995
2013-01-16,1.897468
2013-01-15,1.901237
2013-01-14,1.917318
2013-01-11,1.963021
2013-01-10,1.939365
2013-01-09,1.875604
2013-01-08,1.880086
2013-01-07,1.909509
2013-01-04,1.928053
2013-01-03,1.879277
2013-01-02,1.833628
2012-12-31,1.722533
2012-12-28,1.722031
2012-12-27,1.750463
2012-12-24,1.773755
2012-12-21,1.770973
2012-12-20,1.786417
2012-12-19,1.817865
2012-12-18,1.798783
2012-12-17,1.776870
2012-12-14,1.747551
2012-12-13,1.747275
2012-12-12,1.746482
2012-12-11,1.753106
2012-12-10,1.727098
2012-12-07,1.732483
2012-12-06,1.757009
2012-12-05,1.770241
2012-12-04,1.813064
2012-12-03,1.827844
2012-11-30,1.795105
2012-11-29,1.808132
2012-11-28,1.791520
2012-11-27,1.880309
2012-11-26,1.882308
2012-11-23,1.902547
2012-11-22,1.906727
2012-11-21,1.904484
2012-11-20,1.865182
2012-11-19,1.821386
2012-11-16,1.809334
2012-11-15,1.817872
2012-11-14,1.822111
2012-11-13,1.798225
2012-11-12,1.822845
2012-11-09,1.823963
2012-11-08,1.857334
2012-11-07,1.861441
2012-11-06,1.908257
2012-11-05,1.911812
2012-11-02,1.926781
2012-11-01,1.946770
2012-10-31,1.949500
2012-10-30,1.943555
2012-10-29,1.949254
2012-10-26,1.976015
2012-10-25,2.027863
2012-10-24,2.000837
2012-10-23,1.997161
2012-10-22,2.013751
2012-10-19,2.013965
2012-10-18,2.034868
2012-10-17,2.038483
2012-10-16,1.977406
2012-10-15,1.906677
2012-10-12,1.920498
2012-10-11,1.951870
2012-10-10,1.956096
2012-10-09,1.979783
2012-10-08,1.985942
2012-10-05,2.011333
2012-10-04,1.975094
2012-10-03,1.953797
2012-10-02,1.966487
2012-10-01,1.969138
2012-09-28,1.940148
2012-09-27,1.958805
2012-09-26,1.970939
2012-09-25,2.043602
2012-09-24,2.060383
2012-09-21,2.073937
2012-09-20,2.066656
2012-09-19,2.076311
2012-09-18,2.075959
2012-09-17,2.117005
2012-09-14,2.119992
2012-09-13,2.009848
2012-09-12,2.082242
2012-09-11,2.024343
2012-09-10,2.047104
2012-09-07,2.022051
2012-09-06,2.033391
2012-09-05,1.967705
2012-09-04,1.947899
2012-09-03,1.909228
2012-08-31,1.914441
2012-08-30,1.895506
2012-08-29,1.916786
2012-08-28,1.870433
2012-08-27,1.869731
2012-08-24,1.849408
2012-08-23,1.901172
2012-08-22,1.967070
2012-08-21,2.021035
2012-08-20,1.990230
2012-08-17,1.994386
2012-08-16,1.984608
2012-08-15,1.989057
2012-08-14,1.930178
2012-08-13,1.928553
2012-08-10,1.849761
2012-08-09,1.905543
2012-08-08,1.914403
2012-08-07,1.958918
2012-08-06,1.902705
2012-08-03,1.844507
2012-08-02,1.829207
2012-08-01,1.896456
2012-07-31,1.871463
2012-07-30,1.947768
2012-07-27,1.964219
2012-07-26,1.926720
2012-07-25,1.945119
2012-07-24,1.921149
2012-07-23,1.818843
2012-07-20,1.768614
2012-07-19,1.814889
2012-07-18,1.822227
2012-07-17,1.836955
2012-07-16,1.862742
2012-07-13,1.906850
2012-07-12,1.922705
2012-07-11,1.949220
2012-07-10,2.008910
2012-07-09,2.014189
2012-07-06,2.003005
2012-07-05,2.107256
2012-07-04,2.166209
2012-07-03,2.208747
2012-07-02,2.248423
2012-06-29,2.315738
2012-06-28,2.244021
2012-06-27,2.252352
2012-06-26,2.230782
2012-06-25,2.184348
2012-06-22,2.246036
2012-06-21,2.238723
2012-06-20,2.292738
2012-06-19,2.213830
2012-06-18,2.139527
2012-06-15,2.154030
2012-06-14,2.211770
2012-06-13,2.222763
2012-06-12,2.178756
2012-06-11,2.075626
2012-06-08,2.031280
2012-06-07,2.080572
2012-06-06,1.945174
2012-06-05,1.841837
2012-06-04,1.839348
2012-06-01,1.764327
2012-05-31,1.887070
2012-05-30,2.003235
2012-05-29,2.045460
2012-05-28,2.057176
2012-05-25,2.053131
2012-05-24,2.070716
2012-05-23,2.169335
2012-05-22,2.230201
2012-05-21,2.232623
2012-05-18,2.223842
2012-05-17,2.238955
2012-05-16,2.282477
2012-05-15,2.258494
2012-05-14,2.231995
2012-05-11,2.295206
2012-05-10,2.345026
2012-05-09,2.352901
2012-05-08,2.329514
2012-05-07,2.369283
2012-05-04,2.395729
2012-05-03,2.437547
2012-05-02,2.452640
2012-04-30,2.471095
2012-04-27,2.501595
2012-04-26,2.551122
2012-04-25,2.555327
2012-04-24,2.568784
2012-04-23,2.589309
2012-04-20,2.600920
2012-04-19,2.550101
2012-04-18,2.541976
2012-04-17,2.554341
2012-04-16,2.542798
2012-04-13,2.515501
2012-04-12,2.521797
2012-04-11,2.565910
2012-04-10,2.578627
2012-04-05,2.603025
2012-04-04,2.587506
2012-04-03,2.584466
2012-04-02,2.568136
2012-03-30,2.599159
2012-03-29,2.637662
2012-03-28,2.663938
2012-03-27,2.669325
2012-03-26,2.672746
2012-03-23,2.643707
2012-03-22,2.690367
2012-03-21,2.711534
2012-03-20,2.746433
2012-03-19,2.733106
2012-03-16,2.764680
2012-03-15,2.675381
2012-03-14,2.629046
2012-03-13,2.562065
2012-03-12,2.527566
2012-03-09,2.537306
2012-03-08,2.536555
2012-03-07,2.552143
2012-03-06,2.565187
2012-03-05,2.557438
2012-03-02,2.532225
2012-03-01,2.561503
2012-02-29,2.590988
2012-02-28,2.592481
2012-02-27,2.600288
2012-02-24,2.630551
2012-02-23,2.634475
2012-02-22,2.674352
2012-02-21,2.695294
2012-02-20,2.680416
2012-02-17,2.681881
2012-02-16,2.644555
2012-02-15,2.636132
2012-02-14,2.641740
2012-02-13,2.631230
2012-02-10,2.659373
2012-02-09,2.682373
2012-02-08,2.677400
2012-02-07,2.665410
2012-02-06,2.637691
2012-02-03,2.649814
2012-02-02,2.627758
2012-02-01,2.633599
2012-01-31,2.665752
2012-01-30,2.634370
2012-01-27,2.675928
2012-01-26,2.719418
2012-01-25,2.792213
2012-01-24,2.811981
2012-01-23,2.765793
2012-01-20,2.704383
2012-01-19,2.658553
2012-01-18,2.621515
2012-01-17,2.595342
2012-01-16,2.579413
2012-01-13,2.579932
2012-01-12,2.607854
2012-01-11,2.690639
2012-01-10,2.746027
2012-01-09,2.757489
2012-01-06,2.788371
2012-01-05,2.784807
2012-01-04,2.776691
2012-01-03,2.744522
2012-01-02,2.717862
2011-12-30,2.645128
2011-12-29,2.633834
2011-12-28,2.648529
2011-12-27,2.654591
2011-12-23,2.675028
2011-12-22,2.692364
2011-12-21,2.687010
2011-12-20,2.707248
2011-12-19,2.655171
2011-12-16,2.636322
2011-12-15,2.674187
2011-12-14,2.722550
2011-12-13,2.830456
2011-12-12,2.822977
2011-12-09,2.861056
2011-12-08,2.888165
2011-12-07,2.872751
2011-12-06,2.943700
2011-12-05,2.898621
2011-12-02,2.931845
2011-12-01,2.982077
2011-11-30,3.071947
2011-11-29,3.167157
2011-11-28,3.167566
2011-11-25,3.185549
2011-11-24,3.120227
2011-11-23,3.079768
2011-11-22,2.973015
2011-11-21,2.903876
2011-11-18,2.977028
2011-11-17,2.965433
2011-11-16,2.956954
2011-11-15,2.920606
2011-11-14,2.825436
2011-11-11,2.824113
2011-11-10,2.737207
2011-11-09,2.624486
2011-11-08,2.683286
2011-11-07,2.677437
2011-11-04,2.674832
2011-11-03,2.751797
2011-11-02,2.680757
2011-11-01,2.604445
2011-10-31,2.788549
2011-10-28,2.870759
2011-10-27,2.833391
2011-10-26,2.763099
2011-10-25,2.813860
2011-10-24,2.834690
2011-10-21,2.848021
2011-10-20,2.815198
2011-10-19,2.811345
2011-10-18,2.755677
2011-10-17,2.764965
2011-10-14,2.858517
2011-10-13,2.743568
2011-10-12,2.786554
2011-10-11,2.697335
2011-10-10,2.679774
2011-10-07,2.609591
2011-10-06,2.507412
2011-10-05,2.480795
2011-10-04,2.355656
2011-10-03,2.439028
2011-09-30,2.483376
2011-09-29,2.572745
2011-09-28,2.560032
2011-09-27,2.564854
2011-09-26,2.391911
2011-09-23,2.348895
2011-09-22,2.374225
2011-09-21,2.428466
2011-09-20,2.406395
2011-09-19,2.400035
2011-09-16,2.493512
2011-09-15,2.605163
2011-09-14,2.483235
2011-09-13,2.436512
2011-09-12,2.337531
2011-09-09,2.421592
2011-09-08,2.451650
2011-09-07,2.583009
2011-09-06,2.558978
2011-09-05,2.559797
2011-09-02,2.657324
2011-09-01,2.772030
2011-08-31,2.763444
2011-08-30,2.703089
2011-08-29,2.780004
2011-08-26,2.680315
2011-08-25,2.744612
2011-08-24,2.746259
2011-08-23,2.665120
2011-08-22,2.704736
2011-08-19,2.674672
2011-08-18,2.645947
2011-08-17,2.808896
2011-08-16,2.862908
2011-08-15,2.859597
2011-08-12,2.870389
2011-08-11,2.831537
2011-08-10,2.843153
2011-08-09,2.936189
2011-08-08,2.950513
2011-08-05,2.971546
2011-08-04,2.955502
2011-08-03,3.005593
2011-08-02,2.992577
2011-08-01,3.028684
2011-07-29,3.057386
2011-07-28,3.116904
2011-07-27,3.101424
2011-07-26,3.203335
2011-07-25,3.238655
2011-07-22,3.256352
2011-07-21,3.287695
2011-07-20,3.204101
2011-07-19,3.182064
2011-07-18,3.146939
2011-07-15,3.170801
2011-07-14,3.248653
2011-07-13,3.211943
2011-07-12,3.216700
2011-07-11,3.185715
2011-07-08,3.298180
2011-07-07,3.391810
2011-07-06,3.348311
2011-07-05,3.403992
2011-07-04,3.405749
2011-07-01,3.421193
2011-06-30,3.407358
2011-06-29,3.395221
2011-06-28,3.358786
2011-06-27,3.324163
2011-06-24,3.296271
2011-06-23,3.303761
2011-06-22,3.370798
2011-06-21,3.371619
2011-06-20,3.369974
2011-06-17,3.352448
2011-06-16,3.339857
2011-06-15,3.358897
2011-06-14,3.364326
2011-06-13,3.323546
2011-06-10,3.320214
2011-06-09,3.362042
2011-06-08,3.385041
2011-06-07,3.392548
2011-06-06,3.349780
2011-06-03,3.319313
2011-06-02,3.316884
2011-06-01,3.336355
2011-05-31,3.365377
2011-05-30,3.314686
2011-05-27,3.317806
2011-05-26,3.334435
2011-05-25,3.372816
2011-05-24,3.391302
2011-05-23,3.365880
2011-05-20,3.397141
2011-05-19,3.471469
2011-05-18,3.415743
2011-05-17,3.426915
2011-05-16,3.433675
2011-05-13,3.412645
2011-05-12,3.424645
2011-05-11,3.452352
2011-05-10,3.432823
2011-05-09,3.413718
2011-05-06,3.476685
2011-05-05,3.548174
2011-05-04,3.579414
2011-05-03,3.550774
2011-05-02,3.554107
2011-04-29,3.554150
2011-04-28,3.568142
2011-04-27,3.606681
2011-04-26,3.577595
2011-04-21,3.581579
2011-04-20,3.597929
2011-04-19,3.593899
2011-04-18,3.611014
2011-04-15,3.673592
2011-04-14,3.683585
2011-04-13,3.728592
2011-04-12,3.714134
2011-04-11,3.743542
2011-04-08,3.745222
2011-04-07,3.708893
2011-04-06,3.701149
2011-04-05,3.665011
2011-04-04,3.672499
2011-04-01,3.687709
2011-03-31,3.657761
2011-03-30,3.655605
2011-03-29,3.612573
2011-03-28,3.615080
2011-03-25,3.574325
2011-03-24,3.562081
2011-03-23,3.538280
2011-03-22,3.542543
2011-03-21,3.528763
2011-03-18,3.484190
2011-03-17,3.464776
2011-03-16,3.398717
2011-03-15,3.437158
2011-03-14,3.508704
2011-03-11,3.518955
2011-03-10,3.551868
2011-03-09,3.598114
2011-03-08,3.588456
2011-03-07,3.613675
2011-03-04,3.589166
2011-03-03,3.613424
2011-03-02,3.520356
2011-03-01,3.528405
2011-02-28,3.489910
2011-02-25,3.473883
2011-02-24,3.456340
2011-02-23,3.449844
2011-02-22,3.481590
2011-02-21,3.509956
2011-02-18,3.552533
2011-02-17,3.534896
2011-02-16,3.558697
2011-02-15,3.626192
2011-02-14,3.615150
2011-02-11,3.586265
2011-02-10,3.614178
2011-02-09,3.607555
2011-02-08,3.584330
2011-02-07,3.590875
2011-02-04,3.557552
2011-02-03,3.565726
2011-02-02,3.521654
2011-02-01,3.556807
2011-01-31,3.493013
2011-01-28,3.512767
2011-01-27,3.506199
2011-01-26,3.497934
2011-01-25,3.461787
2011-01-24,3.457467
2011-01-21,3.497470
2011-01-20,3.488672
2011-01-19,3.433533
2011-01-18,3.441884
2011-01-17,3.380505
2011-01-14,3.359474
2011-01-13,3.403502
2011-01-12,3.394832
2011-01-11,3.295761
2011-01-10,3.274024
2011-01-07,3.328732
2011-01-06,3.365845
2011-01-05,3.308689
2011-01-04,3.307664
2011-01-03,3.352627
2010-12-31,3.361703
2010-12-30,3.358578
2010-12-29,3.396477
2010-12-28,3.328691
2010-12-27,3.387806
2010-12-24,3.331850
2010-12-23,3.329693
2010-12-22,3.306917
2010-12-21,3.321577
2010-12-20,3.321265
2010-12-17,3.387731
2010-12-16,3.417723
2010-12-15,3.380266
2010-12-14,3.364122
2010-12-13,3.323312
2010-12-10,3.308169
2010-12-09,3.292268
2010-12-08,3.358332
2010-12-07,3.311182
2010-12-06,3.241743
2010-12-03,3.275398
2010-12-02,3.202665
2010-12-01,3.167471
2010-11-30,3.107874
2010-11-29,3.119902
2010-11-26,3.093908
2010-11-25,3.067895
2010-11-24,3.032739
2010-11-23,2.937894
2010-11-22,3.015624
2010-11-19,3.052259
2010-11-18,3.046898
2010-11-17,2.967345
2010-11-16,2.941144
2010-11-15,2.916759
2010-11-12,2.870528
2010-11-11,2.822180
2010-11-10,2.780015
2010-11-09,2.765316
2010-11-08,2.757542
2010-11-05,2.786346
2010-11-04,2.770306
2010-11-03,2.748031
2010-11-02,2.802472
2010-11-01,2.827473
2010-10-29,2.857754
2010-10-28,2.866247
2010-10-27,2.893071
2010-10-26,2.827148
2010-10-25,2.789957
2010-10-22,2.803992
2010-10-21,2.802207
2010-10-20,2.771310
2010-10-19,2.759141
2010-10-18,2.739823
2010-10-15,2.721555
2010-10-14,2.669213
2010-10-13,2.650822
2010-10-12,2.608402
2010-10-11,2.645886
2010-10-08,2.654107
2010-10-07,2.640352
2010-10-06,2.614113
2010-10-05,2.640641
2010-10-04,2.634602
2010-10-01,2.718026
2010-09-30,2.672249
2010-09-29,2.627540
2010-09-28,2.620714
2010-09-27,2.648876
2010-09-24,2.699661
2010-09-23,2.671896
2010-09-22,2.723597
2010-09-21,2.801789
2010-09-20,2.799979
2010-09-17,2.764496
2010-09-16,2.831315
2010-09-15,2.736581
2010-09-14,2.688946
2010-09-13,2.741565
2010-09-10,2.694107
2010-09-09,2.640941
2010-09-08,2.624951
2010-09-07,2.601587
2010-09-06,2.661996
2010-09-03,2.678106
2010-09-02,2.609945
2010-09-01,2.559180
2010-08-31,2.477799
2010-08-30,2.495263
2010-08-27,2.474865
2010-08-26,2.502185
2010-08-25,2.470677
2010-08-24,2.519969
2010-08-23,2.629557
2010-08-20,2.624031
2010-08-19,2.658537
2010-08-18,2.661282
2010-08-17,2.713901
2010-08-16,2.696130
2010-08-13,2.770085
2010-08-12,2.765534
2010-08-11,2.782041
2010-08-10,2.865604
2010-08-09,2.831814
2010-08-06,2.840479
2010-08-05,2.891292
2010-08-04,2.932114
2010-08-03,2.959833
2010-08-02,3.041723
2010-07-30,3.008491
2010-07-29,3.046705
2010-07-28,3.056110
2010-07-27,3.079522
2010-07-26,3.055137
2010-07-23,3.026427
2010-07-22,3.029115
2010-07-21,2.996051
2010-07-20,2.987988
2010-07-19,3.012057
2010-07-16,2.987636
2010-07-15,3.015996
2010-07-14,2.966473
2010-07-13,2.967091
2010-07-12,2.952715
2010-07-09,2.977673
2010-07-08,3.001709
2010-07-07,2.981678
2010-07-06,2.987057
2010-07-05,2.948422
2010-07-02,3.001697
2010-07-01,3.010328
2010-06-30,3.025257
2010-06-29,3.017826
2010-06-28,3.061273
2010-06-25,3.083002
2010-06-24,3.066356
2010-06-23,3.094372
2010-06-22,3.115596
2010-06-21,3.154394
2010-06-18,3.140686
2010-06-17,3.118427
2010-06-16,3.111557
2010-06-15,3.116276
2010-06-14,3.078397
2010-06-11,3.062875
2010-06-10,3.104004
2010-06-09,3.081723
2010-06-08,3.096380
2010-06-07,3.115852
2010-06-04,3.063379
2010-06-03,3.097096
2010-06-02,3.013977
2010-06-01,2.986138
2010-05-31,2.995305
2010-05-28,3.026388
2010-05-27,3.075876
2010-05-26,3.045314
2010-05-25,2.973219
2010-05-24,3.038126
2010-05-21,3.058975
2010-05-20,3.090359
2010-05-19,3.184364
2010-05-18,3.212426
2010-05-17,3.280296
2010-05-14,3.257722
2010-05-13,3.330325
2010-05-12,3.353293
2010-05-11,3.349942
2010-05-10,3.378167
2010-05-07,3.273199
2010-05-06,3.305173
2010-05-05,3.262176
2010-05-04,3.340877
2010-05-03,3.413187
2010-04-30,3.396532
2010-04-29,3.429632
2010-04-28,3.409327
2010-04-27,3.436979
2010-04-26,3.422589
2010-04-23,3.463313
2010-04-22,3.426441
2010-04-21,3.466690
2010-04-20,3.475769
2010-04-19,3.475500
2010-04-16,3.479744
2010-04-15,3.514698
2010-04-14,3.505545
2010-04-13,3.502078
2010-04-12,3.523134
2010-04-09,3.526909
2010-04-08,3.480015
2010-04-07,3.489865
2010-04-06,3.506911
2010-04-01,3.477214
2010-03-31,3.462697
2010-03-30,3.509152
2010-03-29,3.495470
2010-03-26,3.533527
2010-03-25,3.501447
2010-03-24,3.474561
2010-03-23,3.442893
2010-03-22,3.463928
2010-03-19,3.499452
2010-03-18,3.495363
2010-03-17,3.476980
2010-03-16,3.505544
2010-03-15,3.519991
2010-03-12,3.560673
2010-03-11,3.531556
2010-03-10,3.522288
2010-03-09,3.499187
2010-03-08,3.540440
2010-03-05,3.542868
2010-03-04,3.519363
2010-03-03,3.529489
2010-03-02,3.494549
2010-03-01,3.496082
2010-02-26,3.487951
2010-02-25,3.503210
2010-02-24,3.523808
2010-02-23,3.556063
2010-02-22,3.644548
2010-02-19,3.637845
2010-02-18,3.599402
2010-02-17,3.581547
2010-02-16,3.582727
2010-02-15,3.585059
2010-02-12,3.570657
2010-02-11,3.579398
2010-02-10,3.562546
2010-02-09,3.556734
2010-02-08,3.542405
2010-02-05,3.531149
2010-02-04,3.569554
2010-02-03,3.602784
2010-02-02,3.594144
2010-02-01,3.594382
2010-01-29,3.663043
2010-01-28,3.623068
2010-01-27,3.599463
2010-01-26,3.626209
2010-01-25,3.644315
2010-01-22,3.651728
2010-01-21,3.664270
2010-01-20,3.649622
2010-01-19,3.683727
2010-01-18,3.652736
2010-01-15,3.669549
2010-01-14,3.701898
2010-01-13,3.683624
2010-01-12,3.670956
2010-01-11,3.692294
2010-01-08,3.716697
2010-01-07,3.729893
2010-01-06,3.765515
2010-01-05,3.743664
2010-01-04,3.768965